,pclass,survived,sex,age,sibsp,parch,ticket,cabin,embarked,boat,body
0,1,1,female,29.0,0,0,24160,B5,S,2,
1,1,1,male,0.9167,1,2,113781,C22 C26,S,11,
2,1,0,female,2.0,1,2,113781,C22 C26,S,,
3,1,0,male,30.0,1,2,113781,C22 C26,S,,135.0
4,1,0,female,25.0,1,2,113781,C22 C26,S,,
5,1,1,male,48.0,0,0,19952,E12,S,3,
6,1,1,female,63.0,1,0,13502,D7,S,10,
7,1,0,male,39.0,0,0,112050,A36,S,,
8,1,1,female,53.0,2,0,11769,C101,S,D,
9,1,0,male,71.0,0,0,PC 17609,,C,,22.0
10,1,0,male,47.0,1,0,PC 17757,C62 C64,C,,124.0
11,1,1,female,18.0,1,0,PC 17757,C62 C64,C,4,
12,1,1,female,24.0,0,0,PC 17477,B35,C,9,
13,1,1,female,26.0,0,0,19877,,S,6,
14,1,1,male,80.0,0,0,27042,A23,S,B,
15,1,0,male,0.0,0,0,PC 17318,,S,,
16,1,0,male,24.0,0,1,PC 17558,B58 B60,C,,
17,1,1,female,50.0,0,1,PC 17558,B58 B60,C,6,
18,1,1,female,32.0,0,0,11813,D15,C,8,
19,1,0,male,36.0,0,0,13050,C6,C,A,
20,1,1,male,37.0,1,1,11751,D35,S,5,
21,1,1,female,47.0,1,1,11751,D35,S,5,
22,1,1,male,26.0,0,0,111369,C148,C,5,
23,1,1,female,42.0,0,0,PC 17757,,C,4,
24,1,1,female,29.0,0,0,PC 17483,C97,S,8,
25,1,0,male,25.0,0,0,13905,,C,,148.0
26,1,1,male,25.0,1,0,11967,B49,C,7,
27,1,1,female,19.0,1,0,11967,B49,C,7,
28,1,1,female,35.0,0,0,PC 17760,C99,S,8,
29,1,1,male,28.0,0,0,110564,C52,S,D,
30,1,0,male,45.0,0,0,113784,T,S,,
31,1,1,male,40.0,0,0,112277,A31,C,7,
32,1,1,female,30.0,0,0,36928,C7,S,8,
33,1,1,female,58.0,0,0,113783,C103,S,8,
34,1,0,male,42.0,0,0,110489,D22,S,,
35,1,1,female,45.0,0,0,PC 17608,,C,4,
36,1,1,female,22.0,0,1,113505,E33,S,6,
37,1,1,male,0.0,0,0,111427,,S,9,
38,1,0,male,41.0,0,0,113054,A21,S,,
39,1,0,male,48.0,0,0,PC 17591,B10,C,,208.0
40,1,0,male,0.0,0,0,112379,,C,,
41,1,1,female,44.0,0,0,PC 17610,B4,C,6,
42,1,1,female,59.0,2,0,11769,C101,S,D,
43,1,1,female,60.0,0,0,11813,D15,C,8,
44,1,1,female,41.0,0,0,16966,E40,C,3,
45,1,0,male,45.0,0,0,113050,B38,S,,
46,1,0,male,0.0,0,0,113798,,S,,
47,1,1,male,42.0,0,0,PC 17476,E24,S,5,
48,1,1,female,53.0,0,0,PC 17606,,C,6,
49,1,1,male,36.0,0,1,PC 17755,B51 B53 B55,C,3,
50,1,1,female,58.0,0,1,PC 17755,B51 B53 B55,C,3,
51,1,0,male,33.0,0,0,695,B51 B53 B55,S,,
52,1,0,male,28.0,0,0,113059,,S,,
53,1,0,male,17.0,0,0,113059,,S,,
54,1,1,male,11.0,1,2,113760,B96 B98,S,4,
55,1,1,female,14.0,1,2,113760,B96 B98,S,4,
56,1,1,male,36.0,1,2,113760,B96 B98,S,C,
57,1,1,female,36.0,1,2,113760,B96 B98,S,4,
58,1,0,male,49.0,0,0,19924,,S,,
59,1,1,female,0.0,0,0,17770,,C,5,
60,1,0,male,36.0,1,0,19877,C46,S,,172.0
61,1,1,female,76.0,1,0,19877,C46,S,6,
62,1,0,male,46.0,1,0,W.E.P. 5734,E31,S,,
63,1,1,female,47.0,1,0,W.E.P. 5734,E31,S,4,
64,1,1,male,27.0,1,0,113806,E8,S,5,
65,1,1,female,33.0,1,0,113806,E8,S,5,
66,1,1,female,36.0,0,0,PC 17608,B61,C,4,
67,1,1,female,30.0,0,0,110152,B77,S,8,
68,1,1,male,45.0,0,0,PC 17594,A9,C,7,
69,1,1,female,0.0,0,1,113505,E33,S,6,
70,1,0,male,0.0,0,0,112051,,S,,
71,1,0,male,27.0,1,0,13508,C89,C,,
72,1,1,female,26.0,1,0,13508,C89,C,4,
73,1,1,female,22.0,0,0,113781,,S,11,
74,1,0,male,0.0,0,0,110465,A14,S,,
75,1,0,male,47.0,0,0,5727,E58,S,,
76,1,1,female,39.0,1,1,PC 17756,E49,C,14,
77,1,0,male,37.0,1,1,PC 17756,E52,C,,
78,1,1,female,64.0,0,2,PC 17756,E45,C,14,
79,1,1,female,55.0,2,0,11770,C101,S,2,
80,1,0,male,0.0,0,0,113791,,S,,
81,1,0,male,70.0,1,1,WE/P 5735,B22,S,,269.0
82,1,1,female,36.0,0,2,WE/P 5735,B22,S,7,
83,1,1,female,64.0,1,1,112901,B26,S,7,
84,1,0,male,39.0,1,0,PC 17599,C85,C,,
85,1,1,female,38.0,1,0,PC 17599,C85,C,4,
86,1,1,male,51.0,0,0,113055,E17,S,5 9,
87,1,1,male,27.0,0,0,113804,,S,3,
88,1,1,female,33.0,0,0,113781,,S,8,
89,1,0,male,31.0,1,0,F.C. 12750,B71,S,,
90,1,1,female,27.0,1,2,F.C. 12750,B71,S,3,
91,1,1,male,31.0,1,0,17474,B20,S,3,
92,1,1,female,17.0,1,0,17474,B20,S,3,
93,1,1,male,53.0,1,1,33638,A34,S,13,
94,1,1,male,4.0,0,2,33638,A34,S,5,
95,1,1,female,54.0,1,1,33638,A34,S,5,
96,1,0,male,50.0,1,0,PC 17761,C86,C,,62.0
97,1,1,female,27.0,1,1,PC 17558,B58 B60,C,6,
98,1,1,female,48.0,1,0,PC 17761,C86,C,2,
99,1,1,female,48.0,1,0,11755,A16,C,1,
100,1,1,male,49.0,1,0,PC 17485,A20,C,1,
101,1,0,male,39.0,0,0,PC 17580,A18,C,,133.0
102,1,1,female,23.0,0,1,11767,C54,C,7,
103,1,1,female,38.0,0,0,PC 17757,C45,C,4,
104,1,1,female,54.0,1,0,36947,D20,C,4,
105,1,0,female,36.0,0,0,PC 17531,A29,C,,
106,1,0,male,0.0,0,0,PC 17483,C95,S,,
107,1,1,female,0.0,0,0,PC 17598,,S,7,
108,1,1,female,0.0,0,0,17421,,C,4,
109,1,1,male,36.0,0,0,PC 17474,E25,S,5,
110,1,0,male,30.0,0,0,113051,C111,C,,
111,1,1,female,24.0,3,2,19950,C23 C25 C27,S,10,
112,1,1,female,28.0,3,2,19950,C23 C25 C27,S,10,
113,1,1,female,23.0,3,2,19950,C23 C25 C27,S,10,
114,1,0,male,19.0,3,2,19950,C23 C25 C27,S,,
115,1,0,male,64.0,1,4,19950,C23 C25 C27,S,,
116,1,1,female,60.0,1,4,19950,C23 C25 C27,S,10,
117,1,1,female,30.0,0,0,PC 17485,E36,C,1,
118,1,0,male,0.0,0,0,113778,D34,S,,
119,1,1,male,50.0,2,0,PC 17611,,S,5,
120,1,1,male,43.0,1,0,17765,D40,C,5,
121,1,1,female,0.0,1,0,PC 17611,,S,5,
122,1,1,female,22.0,0,2,13568,B39,C,5,
123,1,1,male,60.0,1,1,13567,B41,C,5,
124,1,1,female,48.0,1,1,13567,B41,C,5,
125,1,0,male,0.0,0,0,112058,B102,S,,
126,1,0,male,37.0,1,0,113803,C123,S,,
127,1,1,female,35.0,1,0,113803,C123,S,D,
128,1,0,male,47.0,0,0,111320,E63,S,,275.0
129,1,1,female,35.0,0,0,113503,C130,C,4,
130,1,1,female,22.0,0,1,112378,,C,7,
131,1,1,female,45.0,0,1,112378,,C,7,
132,1,0,male,24.0,0,0,PC 17593,B86,C,,
133,1,1,male,49.0,1,0,17453,C92,C,5,
134,1,1,female,0.0,1,0,17453,C92,C,5,
135,1,0,male,71.0,0,0,PC 17754,A5,C,,
136,1,1,male,53.0,0,0,113780,C51,C,B,
137,1,1,female,19.0,0,0,112053,B42,S,3,
138,1,0,male,38.0,0,1,PC 17582,C91,S,,147.0
139,1,1,female,58.0,0,1,PC 17582,C125,S,3,
140,1,1,male,23.0,0,1,PC 17759,D10 D12,C,7,
141,1,1,female,45.0,0,1,PC 17759,D10 D12,C,7,
142,1,0,male,46.0,0,0,PC 17593,B82 B84,C,,
143,1,1,male,25.0,1,0,11765,E50,C,5,
144,1,1,female,25.0,1,0,11765,E50,C,5,
145,1,1,male,48.0,1,0,PC 17572,D33,C,3,
146,1,1,female,49.0,1,0,PC 17572,D33,C,3,
147,1,0,male,0.0,0,0,113796,,S,,
148,1,0,male,45.0,1,0,36973,C83,S,,
149,1,1,female,35.0,1,0,36973,C83,S,D,
150,1,0,male,40.0,0,0,112059,B94,S,,110.0
151,1,1,male,27.0,0,0,PC 17572,D49,C,3,
152,1,1,male,0.0,0,0,16988,D45,S,3,
153,1,1,female,24.0,0,0,11767,C54,C,7,
154,1,0,male,55.0,1,1,12749,B69,S,,307.0
155,1,1,female,52.0,1,1,12749,B69,S,3,
156,1,0,male,42.0,0,0,113038,B11,S,,
157,1,0,male,0.0,0,0,17463,E46,S,,
158,1,0,male,55.0,0,0,680,C39,S,,
159,1,1,female,16.0,0,1,111361,B18,C,4,
160,1,1,female,44.0,0,1,111361,B18,C,4,
161,1,1,female,51.0,1,0,13502,D11,S,10,
162,1,0,male,42.0,1,0,113789,,S,,38.0
163,1,1,female,35.0,1,0,113789,,S,8,
164,1,1,male,35.0,0,0,111426,,C,15,
165,1,1,male,38.0,1,0,19943,C93,S,D,
166,1,0,male,0.0,0,0,PC 17600,,C,14,
167,1,1,female,35.0,1,0,19943,C93,S,D,
168,1,1,female,38.0,0,0,113572,B28,,6,
169,1,0,female,50.0,0,0,PC 17595,C49,C,,
170,1,1,male,49.0,0,0,112058,B52 B54 B56,S,C,
171,1,0,male,46.0,0,0,694,,S,,80.0
172,1,0,male,50.0,0,0,113044,E60,S,,
173,1,0,male,32.5,0,0,113503,C132,C,,45.0
174,1,0,male,58.0,0,0,11771,B37,C,,258.0
175,1,0,male,41.0,1,0,17464,D21,S,,
176,1,1,female,0.0,1,0,17464,D21,S,8,
177,1,1,male,42.0,1,0,11753,D19,S,5,
178,1,1,female,45.0,1,0,11753,D19,S,5,
179,1,0,male,0.0,0,0,113028,C124,S,,
180,1,1,female,39.0,0,0,24160,,S,2,
181,1,1,female,49.0,0,0,17465,D17,S,8,
182,1,1,female,30.0,0,0,PC 17761,,C,2,
183,1,1,male,35.0,0,0,PC 17755,B101,C,3,
184,1,0,male,0.0,0,0,PC 17612,,C,,
185,1,0,male,42.0,0,0,17475,,S,,
186,1,1,female,55.0,0,0,112377,,C,6,
187,1,1,female,16.0,0,1,PC 17592,D28,S,9,
188,1,1,female,51.0,0,1,PC 17592,D28,S,9,
189,1,0,male,29.0,0,0,113501,D6,S,,126.0
190,1,1,female,21.0,0,0,13502,D9,S,10,
191,1,0,male,30.0,0,0,113801,,S,,
192,1,1,female,58.0,0,0,PC 17569,B80,C,,
193,1,1,female,15.0,0,1,24160,B5,S,2,
194,1,0,male,30.0,0,0,110469,C106,S,,
195,1,1,female,16.0,0,0,110152,B79,S,8,
196,1,1,male,0.0,0,0,11774,C47,C,7,
197,1,0,male,19.0,1,0,113773,D30,S,,
198,1,1,female,18.0,1,0,113773,D30,S,10,
199,1,1,female,24.0,0,0,PC 17482,C90,C,6,
200,1,0,male,46.0,0,0,13050,C6,C,,292.0
201,1,0,male,54.0,0,0,17463,E46,S,,175.0
202,1,1,male,36.0,0,0,PC 17473,E25,S,7,
203,1,0,male,28.0,1,0,PC 17604,,C,,
204,1,1,female,0.0,1,0,PC 17604,,C,6,
205,1,0,male,65.0,0,0,13509,E38,S,,249.0
206,1,0,male,44.0,2,0,19928,C78,Q,,230.0
207,1,1,female,33.0,1,0,19928,C78,Q,14,
208,1,1,female,37.0,1,0,19928,C78,Q,14,
209,1,1,male,30.0,1,0,13236,C78,C,11,
210,1,0,male,55.0,0,0,113787,C30,S,,
211,1,0,male,47.0,0,0,113796,,S,,
212,1,0,male,37.0,0,1,PC 17596,C118,C,,
213,1,1,female,31.0,1,0,35273,D36,C,6,
214,1,1,female,23.0,1,0,35273,D36,C,6,
215,1,0,male,58.0,0,2,35273,D48,C,,122.0
216,1,1,female,19.0,0,2,11752,D47,S,5,
217,1,0,male,64.0,0,0,693,,S,,263.0
218,1,1,female,39.0,0,0,PC 17758,C105,C,8,
219,1,1,male,0.0,0,0,F.C. 12998,,C,7,
220,1,1,female,22.0,0,1,113509,B36,C,5,
221,1,0,male,65.0,0,1,113509,B30,C,,234.0
222,1,0,male,28.5,0,0,PC 17562,D43,C,,189.0
223,1,0,male,0.0,0,0,112052,,S,,
224,1,0,male,45.5,0,0,113043,C124,S,,166.0
225,1,0,male,23.0,0,0,12749,B24,S,,
226,1,0,male,29.0,1,0,113776,C2,S,,
227,1,1,female,22.0,1,0,113776,C2,S,8,
228,1,0,male,18.0,1,0,PC 17758,C65,C,,
229,1,1,female,17.0,1,0,PC 17758,C65,C,8,
230,1,1,female,30.0,0,0,12749,B73,S,3,
231,1,1,male,52.0,0,0,113786,C104,S,6,
232,1,0,male,47.0,0,0,110465,C110,S,,207.0
233,1,1,female,56.0,0,1,11767,C50,C,7,
234,1,0,male,38.0,0,0,19972,,S,,
235,1,1,male,0.0,0,0,PC 17607,,S,A,
236,1,0,male,22.0,0,0,PC 17760,,C,,232.0
237,1,0,male,0.0,0,0,PC 17757,,C,,
238,1,1,female,43.0,0,1,24160,B3,S,2,
239,1,0,male,31.0,0,0,PC 17590,A24,S,,
240,1,1,male,45.0,0,0,111428,,S,9,
241,1,0,male,0.0,0,0,113767,A32,S,,
242,1,1,female,33.0,0,0,PC 17613,A11,C,11,
243,1,0,male,46.0,0,0,PC 17585,,C,,16.0
244,1,0,male,36.0,0,0,13049,A10,C,,
245,1,1,female,33.0,0,0,110152,B77,S,8,
246,1,0,male,55.0,1,0,PC 17603,,C,,
247,1,1,female,54.0,1,0,PC 17603,,C,6,
248,1,0,male,33.0,0,0,113790,,S,,109.0
249,1,1,male,13.0,2,2,PC 17608,B57 B59 B63 B66,C,4,
250,1,1,female,18.0,2,2,PC 17608,B57 B59 B63 B66,C,4,
251,1,1,female,21.0,2,2,PC 17608,B57 B59 B63 B66,C,4,
252,1,0,male,61.0,1,3,PC 17608,B57 B59 B63 B66,C,,
253,1,1,female,48.0,1,3,PC 17608,B57 B59 B63 B66,C,4,
254,1,1,male,0.0,0,0,19988,C106,S,3,
255,1,1,female,24.0,0,0,PC 17477,B35,C,9,
256,1,1,male,0.0,0,0,111163,,S,1,
257,1,1,female,35.0,1,0,13236,C28,C,11,
258,1,1,female,30.0,0,0,113798,,C,4,
259,1,1,male,34.0,0,0,113794,,S,7,
260,1,1,female,40.0,0,0,PC 17582,C125,S,3,
261,1,1,male,35.0,0,0,PC 17475,E24,S,5,
262,1,0,male,50.0,1,0,13507,E44,S,,
263,1,1,female,39.0,1,0,13507,E44,S,11,
264,1,1,male,56.0,0,0,13213,A26,C,3,
265,1,1,male,28.0,0,0,113788,A6,S,7,
266,1,0,male,56.0,0,0,113792,,S,,
267,1,0,male,56.0,0,0,17764,A7,C,,
268,1,0,male,24.0,1,0,13695,C31,S,,
269,1,0,male,0.0,0,0,113056,A19,S,,
270,1,1,female,18.0,1,0,13695,C31,S,6,
271,1,1,male,24.0,1,0,21228,B45,S,7,
272,1,1,female,23.0,1,0,21228,B45,S,7,
273,1,1,male,6.0,0,2,16966,E34,C,3,
274,1,1,male,45.0,1,1,16966,E34,C,3,
275,1,1,female,40.0,1,1,16966,E34,C,3,
276,1,0,male,57.0,1,0,PC 17569,B78,C,,
277,1,1,female,0.0,1,0,PC 17569,B78,C,6,
278,1,1,male,32.0,0,0,13214,B50,C,3,
279,1,0,male,62.0,0,0,113514,C87,S,,
280,1,1,male,54.0,1,0,11778,C116,C,1,
281,1,1,female,43.0,1,0,11778,C116,C,5,
282,1,1,female,52.0,1,0,36947,D20,C,4,
283,1,0,male,0.0,0,0,PC 17605,,C,,
284,1,1,female,62.0,0,0,113572,B28,,6,
285,1,0,male,67.0,1,0,PC 17483,C55 C57,S,,96.0
286,1,0,female,63.0,1,0,PC 17483,C55 C57,S,,
287,1,0,male,61.0,0,0,36963,D50,S,,46.0
288,1,1,female,48.0,0,0,17466,D17,S,8,
289,1,1,female,18.0,0,2,110413,E68,S,8,
290,1,0,male,52.0,1,1,110413,E67,S,,
291,1,1,female,39.0,1,1,110413,E67,S,8,
292,1,1,male,48.0,1,0,19996,C126,S,5 7,
293,1,1,female,0.0,1,0,19996,C126,S,5 7,
294,1,0,male,49.0,1,1,17421,C68,C,,
295,1,1,male,17.0,0,2,17421,C70,C,B,
296,1,1,female,39.0,1,1,17421,C68,C,4,
297,1,1,female,0.0,0,0,PC 17585,,C,D,
298,1,1,male,31.0,0,0,2543,C53,C,7,
299,1,0,male,40.0,0,0,PC 17601,,C,,
300,1,0,male,61.0,0,0,111240,B19,S,,245.0
301,1,0,male,47.0,0,0,36967,D46,S,,
302,1,1,female,35.0,0,0,PC 17755,,C,3,
303,1,0,male,64.0,1,0,110813,D37,C,,
304,1,1,female,60.0,1,0,110813,D37,C,5,
305,1,0,male,60.0,0,0,113800,,S,,
306,1,0,male,54.0,0,1,35281,D26,S,,
307,1,0,male,21.0,0,1,35281,D26,S,,169.0
308,1,1,female,55.0,0,0,PC 17760,C32,C,8,
309,1,1,female,31.0,0,2,36928,C7,S,8,
310,1,0,male,57.0,1,1,36928,,S,,
311,1,1,female,45.0,1,1,36928,,S,8,
312,1,0,male,50.0,1,1,113503,C80,C,,
313,1,0,male,27.0,0,2,113503,C82,C,,
314,1,1,female,50.0,1,1,113503,C80,C,4,
315,1,1,female,21.0,0,0,113795,,S,8 10,
316,1,0,male,51.0,0,1,PC 17597,,C,,
317,1,1,male,21.0,0,1,PC 17597,,C,A,
318,1,0,male,0.0,0,0,113510,C128,S,,
319,1,1,female,31.0,0,0,16966,E39 E41,C,3,
320,1,1,male,0.0,0,0,19947,C52,S,D,
321,1,0,male,62.0,0,0,113807,,S,,
322,1,1,female,36.0,0,0,PC 17760,C32,C,8,
323,2,0,male,30.0,1,0,P/PP 3381,,C,,
324,2,1,female,28.0,1,0,P/PP 3381,,C,10,
325,2,0,male,30.0,0,0,248744,,S,,
326,2,0,male,18.0,0,0,231945,,S,,
327,2,0,male,25.0,0,0,C.A. 34050,,S,,
328,2,0,male,34.0,1,0,226875,,S,,
329,2,1,female,36.0,1,0,226875,,S,11,
330,2,0,male,57.0,0,0,244346,,S,,
331,2,0,male,18.0,0,0,29108,,S,,
332,2,0,male,23.0,0,0,C.A. 31030,,S,,
333,2,1,female,36.0,0,0,28551,D,S,10,
334,2,0,male,28.0,0,0,C.A./SOTON 34068,,S,,
335,2,0,male,51.0,0,0,S.O.P. 1166,,S,,174.0
336,2,1,male,32.0,1,0,2908,,S,13,
337,2,1,female,19.0,1,0,2908,,S,13,
338,2,0,male,28.0,0,0,244358,,S,,
339,2,1,male,1.0,2,1,230136,F4,S,11,
340,2,1,female,4.0,2,1,230136,F4,S,11,
341,2,1,female,12.0,2,1,230136,F4,S,13,
342,2,1,female,36.0,0,3,230136,F4,S,11,
343,2,1,male,34.0,0,0,248698,D56,S,13,
344,2,1,female,19.0,0,0,28404,,S,12,
345,2,0,male,23.0,0,0,28425,,S,,
346,2,0,male,26.0,0,0,237670,,S,,
347,2,0,male,42.0,0,0,211535,,S,,
348,2,0,male,27.0,0,0,220367,,S,,
349,2,1,female,24.0,0,0,248733,F33,S,11,
350,2,1,female,15.0,0,2,29750,,S,14,
351,2,0,male,60.0,1,1,29750,,S,,
352,2,1,female,40.0,1,1,29750,,S,14,
353,2,1,female,20.0,1,0,236853,,S,12,
354,2,0,male,25.0,1,0,236853,,S,,
355,2,1,female,36.0,0,0,27849,,S,9,
356,2,0,male,25.0,0,0,234686,,S,,97.0
357,2,0,male,42.0,0,0,244310,,S,,
358,2,1,female,42.0,0,0,236852,,S,,
359,2,1,male,0.8333,0,2,248738,,S,13,
360,2,1,male,26.0,1,1,248738,,S,13,
361,2,1,female,22.0,1,1,248738,,S,13,
362,2,1,female,35.0,0,0,F.C.C. 13528,,S,14,
363,2,0,male,0.0,0,0,239853,,S,,
364,2,0,male,19.0,0,0,28424,,S,,18.0
365,2,0,female,44.0,1,0,244252,,S,,
366,2,0,male,54.0,1,0,244252,,S,,
367,2,0,male,52.0,0,0,248731,,S,,130.0
368,2,0,male,37.0,1,0,SC/AH 29037,,S,,17.0
369,2,0,female,29.0,1,0,SC/AH 29037,,S,,
370,2,1,female,25.0,1,1,237789,,S,12,
371,2,1,female,45.0,0,2,237789,,S,12,
372,2,0,male,29.0,1,0,2003,,S,,
373,2,1,female,28.0,1,0,2003,,S,14,
374,2,0,male,29.0,0,0,W./C. 14263,,S,,
375,2,0,male,28.0,0,0,248740,,S,,
376,2,1,male,24.0,0,0,28034,,S,9,
377,2,1,female,8.0,0,2,C.A. 31921,,S,14,
378,2,0,male,31.0,1,1,C.A. 31921,,S,,
379,2,1,female,31.0,1,1,C.A. 31921,,S,14,
380,2,1,female,22.0,0,0,W./C. 14266,F33,S,14,
381,2,0,female,30.0,0,0,237249,,S,,
382,2,0,female,0.0,0,0,F.C.C. 13534,,S,,
383,2,0,male,21.0,0,0,29107,,S,,
384,2,0,male,0.0,0,0,239853,,S,,
385,2,1,male,8.0,1,1,C.A. 33112,,S,14,
386,2,0,male,18.0,0,0,S.O.C. 14879,,S,,
387,2,1,female,48.0,0,2,C.A. 33112,,S,14,
388,2,1,female,28.0,0,0,237668,,S,13,
389,2,0,male,32.0,0,0,244360,,S,,
390,2,0,male,17.0,0,0,S.O.C. 14879,,S,,
391,2,0,male,29.0,1,0,SC/PARIS 2167,,C,,295.0
392,2,1,female,24.0,1,0,SC/PARIS 2167,,C,12,
393,2,0,male,25.0,0,0,C.A. 31029,,S,,
394,2,0,male,18.0,0,0,S.O.C. 14879,,S,,
395,2,1,female,18.0,0,1,231919,,S,,
396,2,1,female,34.0,0,1,231919,,S,,
397,2,0,male,54.0,0,0,28403,,S,,
398,2,1,male,8.0,0,2,28220,,S,10,
399,2,0,male,42.0,1,1,28220,,S,,
400,2,1,female,34.0,1,1,28220,,S,10,
401,2,1,female,27.0,1,0,SC/PARIS 2149,,C,12,
402,2,1,female,30.0,1,0,SC/PARIS 2148,,C,12,
403,2,0,male,23.0,0,0,29751,,S,,
404,2,0,male,21.0,0,0,236854,,S,,
405,2,0,male,18.0,0,0,236171,,S,,
406,2,0,male,40.0,1,0,2926,,S,,286.0
407,2,1,female,29.0,1,0,2926,,S,16,
408,2,0,male,18.0,0,0,C.A. 15185,,S,,
409,2,0,male,36.0,0,0,229236,,S,,236.0
410,2,0,male,0.0,0,0,239854,,S,,
411,2,0,female,38.0,0,0,237671,,S,,
412,2,0,male,35.0,0,0,239865,,S,,322.0
413,2,0,male,38.0,1,0,28664,,S,,
414,2,0,male,34.0,1,0,28664,,S,,
415,2,1,female,34.0,0,0,243880,,S,12,
416,2,0,male,16.0,0,0,239865,,S,,
417,2,0,male,26.0,0,0,31028,,S,,
418,2,0,male,47.0,0,0,C.A. 30769,,S,,
419,2,0,male,21.0,1,0,28133,,S,,
420,2,0,male,21.0,1,0,28134,,S,,
421,2,0,male,24.0,0,0,248726,,S,,297.0
422,2,0,male,24.0,0,0,233866,,S,,155.0
423,2,0,male,34.0,0,0,12233,,S,,
424,2,0,male,30.0,0,0,250646,,S,,305.0
425,2,0,male,52.0,0,0,250647,,S,,19.0
426,2,0,male,30.0,0,0,250653,,S,,75.0
427,2,1,male,0.6667,1,1,250649,,S,4,
428,2,1,female,24.0,0,2,250649,,S,4,
429,2,0,male,44.0,0,0,248746,,S,,35.0
430,2,1,female,6.0,0,1,248727,,S,11,
431,2,0,male,28.0,0,1,248727,,S,,
432,2,1,male,62.0,0,0,S.W./PP 752,,S,15,
433,2,0,male,30.0,0,0,W/C 14208,,S,,
434,2,1,female,7.0,0,2,F.C.C. 13529,,S,14,
435,2,0,male,43.0,1,1,F.C.C. 13529,,S,,
436,2,1,female,45.0,1,1,F.C.C. 13529,,S,14,
437,2,1,female,24.0,1,2,220845,,S,9,
438,2,1,female,24.0,1,2,220845,,S,9,
439,2,0,male,49.0,1,2,220845,,S,,
440,2,1,female,48.0,1,2,220845,,S,9,
441,2,1,female,55.0,0,0,248706,,S,13,
442,2,0,male,24.0,2,0,S.O.C. 14879,,S,,
443,2,0,male,32.0,2,0,S.O.C. 14879,,S,,256.0
444,2,0,male,21.0,2,0,S.O.C. 14879,,S,,
445,2,0,female,18.0,1,1,250650,,S,,
446,2,1,female,20.0,2,1,29105,,S,4,
447,2,0,male,23.0,2,1,29104,,S,,
448,2,0,male,36.0,0,0,242963,,S,,
449,2,1,female,54.0,1,3,29105,,S,4,
450,2,0,male,50.0,0,0,250643,,S,,149.0
451,2,0,male,44.0,1,0,26707,,S,,
452,2,1,female,29.0,1,0,26707,,S,10,
453,2,0,male,21.0,0,0,S.O.C. 14879,,S,,
454,2,1,male,42.0,0,0,237798,,S,10,
455,2,0,male,63.0,1,0,24065,,S,,
456,2,0,female,60.0,1,0,24065,,S,,
457,2,0,male,33.0,0,0,SCO/W 1585,,S,,
458,2,1,female,17.0,0,0,SO/C 14885,,S,,
459,2,0,male,42.0,1,0,243847,,S,,
460,2,1,female,24.0,2,1,243847,,S,12,
461,2,0,male,47.0,0,0,237565,,S,,
462,2,0,male,24.0,2,0,C.A. 31029,,S,,
463,2,0,male,22.0,2,0,C.A. 31029,,S,,
464,2,0,male,32.0,0,0,C.A. 33111,,S,,
465,2,1,female,23.0,0,0,SC/AH Basle 541,D,C,11,
466,2,0,male,34.0,1,0,244367,,S,,283.0
467,2,1,female,24.0,1,0,244367,,S,12,
468,2,0,female,22.0,0,0,F.C.C. 13534,,S,,
469,2,1,female,0.0,0,0,226593,E101,Q,10,
470,2,0,male,35.0,0,0,233734,,Q,,
471,2,1,female,45.0,0,0,223596,,S,9,
472,2,0,male,57.0,0,0,219533,,Q,,
473,2,0,male,0.0,0,0,239855,,S,,
474,2,0,male,31.0,0,0,C.A. 18723,,S,,165.0
475,2,0,female,26.0,1,1,250651,,S,,
476,2,0,male,30.0,1,1,250651,,S,,
477,2,0,male,0.0,0,0,240261,,Q,,
478,2,1,female,1.0,1,2,SC/Paris 2123,,C,14,
479,2,1,female,3.0,1,2,SC/Paris 2123,,C,14,
480,2,0,male,25.0,1,2,SC/Paris 2123,,C,,
481,2,1,female,22.0,1,2,SC/Paris 2123,,C,14,
482,2,1,female,17.0,0,0,SC 1748,,C,12,
483,2,1,female,0.0,0,0,248727,,S,11,
484,2,1,female,34.0,0,0,C.A. 34260,F33,S,14,
485,2,0,male,36.0,0,0,SC/Paris 2163,D,C,,
486,2,0,male,24.0,0,0,C.A. 29566,,S,,108.0
487,2,0,male,61.0,0,0,235509,,Q,,
488,2,0,male,50.0,1,0,SC/AH 3085,,S,,121.0
489,2,1,female,42.0,1,0,SC/AH 3085,,S,,
490,2,0,female,57.0,0,0,S.O./P.P. 3,E77,S,,52.0
491,2,0,male,0.0,0,0,237735,D,C,,
492,2,1,male,1.0,0,2,S.C./PARIS 2079,,C,10,
493,2,0,male,31.0,1,1,S.C./PARIS 2079,,C,,
494,2,1,female,24.0,1,1,S.C./PARIS 2079,,C,10,
495,2,0,male,0.0,0,0,SC/A.3 2861,,C,,
496,2,0,male,30.0,0,0,28228,,S,,
497,2,0,male,40.0,0,0,239059,,S,,
498,2,0,male,32.0,0,0,237216,,S,,209.0
499,2,0,male,30.0,0,0,233478,,S,,
500,2,0,male,46.0,0,0,28403,,S,,
501,2,1,female,13.0,0,1,250644,,S,14,
502,2,1,female,41.0,0,1,250644,,S,14,
503,2,1,male,19.0,0,0,SW/PP 751,,S,B,
504,2,0,male,39.0,0,0,248723,,S,,
505,2,0,male,48.0,0,0,234360,,S,,271.0
506,2,0,male,70.0,0,0,C.A. 24580,,S,,
507,2,0,male,27.0,0,0,211536,,S,,
508,2,0,male,54.0,0,0,29011,,S,,
509,2,0,male,39.0,0,0,250655,,S,,
510,2,0,male,16.0,0,0,S.O./P.P. 3,,S,,
511,2,0,male,62.0,0,0,240276,,Q,,
512,2,0,male,32.5,1,0,237736,,C,,43.0
513,2,1,female,14.0,1,0,237736,,C,,
514,2,1,male,2.0,1,1,230080,F2,S,D,
515,2,1,male,3.0,1,1,230080,F2,S,D,
516,2,0,male,36.5,0,2,230080,F2,S,,15.0
517,2,0,male,26.0,0,0,244368,F2,S,,
518,2,0,male,19.0,1,1,C.A. 33112,,S,,101.0
519,2,0,male,28.0,0,0,218629,,S,,287.0
520,2,1,male,20.0,0,0,SC/PARIS 2166,D38,C,7,
521,2,1,female,29.0,0,0,C.A. 29395,F33,S,11,
522,2,0,male,39.0,0,0,28213,,S,,
523,2,1,male,22.0,0,0,W./C. 14260,,S,13,
524,2,1,male,0.0,0,0,SC/PARIS 2146,,C,9,
525,2,0,male,23.0,0,0,244278,,S,,
526,2,1,male,29.0,0,0,SC/PARIS 2147,,C,9,
527,2,0,male,28.0,0,0,SC 14888,,S,,
528,2,0,male,0.0,0,0,239853,,S,,
529,2,1,female,50.0,0,1,230433,,S,12,
530,2,0,male,19.0,0,0,28665,,S,,
531,2,0,male,0.0,0,0,SC/PARIS 2131,,C,,
532,2,0,male,41.0,0,0,237393,,S,,
533,2,1,female,21.0,0,1,S.O./P.P. 2,,S,12,
534,2,1,female,19.0,0,0,250655,,S,11,
535,2,0,male,43.0,0,1,S.O./P.P. 2,,S,,
536,2,1,female,32.0,0,0,234604,,S,9,
537,2,0,male,34.0,0,0,250647,,S,,
538,2,1,male,30.0,0,0,C.A. 34644,,C,14,
539,2,0,male,27.0,0,0,SC/PARIS 2168,,C,,
540,2,1,female,2.0,1,1,26360,,S,11,
541,2,1,female,8.0,1,1,26360,,S,11,
542,2,1,female,33.0,0,2,26360,,S,11,
543,2,0,male,36.0,0,0,C.A. 17248,,S,,
544,2,0,male,34.0,1,0,31027,,S,12,
545,2,1,female,30.0,3,0,31027,,S,,
546,2,1,female,28.0,0,0,230434,,S,9,
547,2,0,male,23.0,0,0,SC/PARIS 2133,,C,,
548,2,1,male,0.8333,1,1,29106,,S,4,
549,2,1,male,3.0,1,1,29106,,S,4,
550,2,1,female,24.0,2,3,29106,,S,4,
551,2,1,female,50.0,0,0,W./C. 14258,,S,13,
552,2,0,male,19.0,0,0,28004,,S,,
553,2,1,female,21.0,0,0,C.A. 31026,,S,12,
554,2,0,male,26.0,0,0,248659,,S,,
555,2,0,male,25.0,0,0,244361,,S,,
556,2,0,male,27.0,0,0,244358,,S,,
557,2,1,female,25.0,0,1,230433,,S,12,
558,2,1,female,18.0,0,2,250652,,S,16,
559,2,1,female,20.0,0,0,C.A. 33112,,S,11,
560,2,1,female,30.0,0,0,250648,,S,10,
561,2,0,male,59.0,0,0,237442,,S,,
562,2,1,female,30.0,0,0,234818,,Q,13,
563,2,0,male,35.0,0,0,28206,,S,,
564,2,1,female,40.0,0,0,31418,,S,9,
565,2,0,male,25.0,0,0,C.A. 29178,,S,,
566,2,0,male,41.0,0,0,237734,,C,,
567,2,0,male,25.0,0,0,F.C.C. 13540,,S,,81.0
568,2,0,male,18.5,0,0,248734,F,S,,294.0
569,2,0,male,14.0,0,0,220845,,S,,
570,2,1,female,50.0,0,0,F.C.C. 13531,,S,9,
571,2,0,male,23.0,0,0,233639,,S,,
572,2,1,female,28.0,0,0,240929,,S,,
573,2,1,female,27.0,0,0,34218,E101,S,16,
574,2,0,male,29.0,1,0,11668,,S,,
575,2,0,female,27.0,1,0,11668,,S,,
576,2,0,male,40.0,0,0,28221,,S,,
577,2,1,female,31.0,0,0,F.C.C. 13528,,S,14,
578,2,0,male,30.0,1,0,CA 31352,,S,,
579,2,0,male,23.0,1,0,28666,,S,,
580,2,1,female,31.0,0,0,CA 31352,,S,10,
581,2,0,male,0.0,0,0,239856,,S,,
582,2,1,female,12.0,0,0,C.A. 33595,,S,9,
583,2,1,female,40.0,0,0,C.A. 33595,,S,9,
584,2,1,female,32.5,0,0,27267,E101,S,12,
585,2,0,male,27.0,1,0,228414,,S,,293.0
586,2,1,female,29.0,1,0,228414,,S,10,
587,2,1,male,2.0,1,1,29103,,S,14,
588,2,1,female,4.0,1,1,29103,,S,14,
589,2,1,female,29.0,0,2,29103,,S,14,
590,2,1,female,0.9167,1,2,C.A. 34651,,S,10,
591,2,1,female,5.0,1,2,C.A. 34651,,S,10,
592,2,0,male,36.0,1,2,C.A. 34651,,S,,
593,2,1,female,33.0,1,2,C.A. 34651,,S,10,
594,2,0,male,66.0,0,0,C.A. 24579,,S,,
595,2,0,male,0.0,0,0,SC/PARIS 2159,,S,,
596,2,1,male,31.0,0,0,244270,,S,9,
597,2,1,male,0.0,0,0,244373,,S,14,
598,2,1,female,26.0,0,0,220844,,S,9,
599,2,0,female,24.0,0,0,248747,,S,,
600,3,0,male,42.0,0,0,C.A. 5547,,S,,
601,3,0,male,13.0,0,2,C.A. 2673,,S,,
602,3,0,male,16.0,1,1,C.A. 2673,,S,,190.0
603,3,1,female,35.0,1,1,C.A. 2673,,S,A,
604,3,1,female,16.0,0,0,348125,,S,16,
605,3,1,male,25.0,0,0,348122,F G63,S,A,
606,3,1,male,20.0,0,0,SOTON/O2 3101284,,S,15,
607,3,1,female,18.0,0,0,2657,,C,C,
608,3,0,male,30.0,0,0,C 7076,,S,,72.0
609,3,0,male,26.0,0,0,341826,,S,,103.0
610,3,0,female,40.0,1,0,7546,,S,,
611,3,1,male,0.8333,0,1,392091,,S,11,
612,3,1,female,18.0,0,1,392091,,S,13,
613,3,1,male,26.0,0,0,2699,,C,15,
614,3,0,male,26.0,0,0,3474,,S,,
615,3,0,male,20.0,0,0,SOTON/O2 3101287,,S,,
616,3,0,male,24.0,0,0,SOTON/O.Q. 3101311,,S,,
617,3,0,male,25.0,0,0,SOTON/O.Q. 3101312,,S,,79.0
618,3,0,male,35.0,0,0,373450,,S,,
619,3,0,male,18.0,0,0,2223,,S,,259.0
620,3,0,male,32.0,0,0,C 4001,,S,,260.0
621,3,1,female,19.0,1,0,350046,,S,16,
622,3,0,male,4.0,4,2,347082,,S,,
623,3,0,female,6.0,4,2,347082,,S,,
624,3,0,female,2.0,4,2,347082,,S,,
625,3,1,female,17.0,4,2,3101281,,S,D,
626,3,0,female,38.0,4,2,347091,,S,,
627,3,0,female,9.0,4,2,347082,,S,,
628,3,0,female,11.0,4,2,347082,,S,,
629,3,0,male,39.0,1,5,347082,,S,,
630,3,1,male,27.0,0,0,350043,,S,A,
631,3,0,male,26.0,0,0,347075,,S,,
632,3,0,female,39.0,1,5,347082,,S,,
633,3,0,male,20.0,0,0,347466,,S,,
634,3,0,male,26.0,0,0,349202,,S,,
635,3,0,male,25.0,1,0,349237,,S,,
636,3,0,female,18.0,1,0,349237,,S,,
637,3,0,male,24.0,0,0,349911,,S,,
638,3,0,male,35.0,0,0,SOTON/O.Q. 3101310,,S,,
639,3,0,male,5.0,4,2,347077,,S,,
640,3,0,male,9.0,4,2,347077,,S,,
641,3,1,male,3.0,4,2,347077,,S,15,
642,3,0,male,13.0,4,2,347077,,S,,
643,3,1,female,5.0,4,2,347077,,S,15,
644,3,0,male,40.0,1,5,347077,,S,,142.0
645,3,1,male,23.0,0,0,350054,,S,13,
646,3,1,female,38.0,1,5,347077,,S,15,
647,3,1,female,45.0,0,0,2696,,C,C,
648,3,0,male,21.0,0,0,2692,,C,,
649,3,0,male,23.0,0,0,SOTON/O.Q. 3101309,,S,,
650,3,0,female,17.0,0,0,2627,,C,,
651,3,0,male,30.0,0,0,2694,,C,,
652,3,0,male,23.0,0,0,347468,,S,,
653,3,1,female,13.0,0,0,2687,,C,C,
654,3,0,male,20.0,0,0,2679,,C,,
655,3,0,male,32.0,1,0,3101278,,S,D,
656,3,1,female,33.0,3,0,3101278,,S,,
657,3,1,female,0.75,2,1,2666,,C,C,
658,3,1,female,0.75,2,1,2666,,C,C,
659,3,1,female,5.0,2,1,2666,,C,C,
660,3,1,female,24.0,0,3,2666,,C,C,
661,3,1,female,18.0,0,0,A/4 31416,,S,C,
662,3,0,male,40.0,0,0,2623,,C,,
663,3,0,male,26.0,0,0,349248,,S,,
664,3,1,male,20.0,0,0,2663,,C,15,
665,3,0,female,18.0,0,1,2691,,C,,
666,3,0,female,45.0,0,1,2691,,C,,
667,3,0,female,27.0,0,0,330844,,Q,,
668,3,0,male,22.0,0,0,324669,,S,,
669,3,0,male,19.0,0,0,323951,,S,,
670,3,0,male,26.0,0,0,347068,,S,,
671,3,0,male,22.0,0,0,PP 4348,,S,,
672,3,0,male,0.0,0,0,2622,,C,,
673,3,0,male,20.0,0,0,2648,,C,,
674,3,1,male,32.0,0,0,1601,,S,C,
675,3,0,male,21.0,0,0,312992,,S,,
676,3,0,male,18.0,0,0,347090,,S,,
677,3,0,male,26.0,0,0,349224,,S,,
678,3,0,male,6.0,1,1,2678,,C,,
679,3,0,female,9.0,1,1,2678,,C,,
680,3,0,male,0.0,0,0,2664,,C,,
681,3,0,female,0.0,0,2,2678,,C,,
682,3,0,female,0.0,0,2,364848,,Q,,
683,3,0,male,40.0,1,1,364849,,Q,,
684,3,0,female,32.0,1,1,364849,,Q,,
685,3,0,male,21.0,0,0,54636,,S,,
686,3,1,female,22.0,0,0,334914,,Q,13,
687,3,0,female,20.0,0,0,347471,,S,,
688,3,0,male,29.0,1,0,3460,,S,,
689,3,0,male,22.0,1,0,A/5 21171,,S,,
690,3,0,male,22.0,0,0,350045,,S,,
691,3,0,male,35.0,0,0,364512,,S,,
692,3,0,female,18.5,0,0,329944,,Q,,299.0
693,3,1,male,21.0,0,0,330920,,Q,13,
694,3,0,male,19.0,0,0,365222,,Q,,
695,3,0,female,18.0,0,0,330963,,Q,,
696,3,0,female,21.0,0,0,315087,,S,,
697,3,0,female,30.0,0,0,315084,,S,,
698,3,0,male,18.0,0,0,315091,,S,,
699,3,0,male,38.0,0,0,315089,,S,,
700,3,0,male,17.0,0,0,315093,,S,,
701,3,0,male,17.0,0,0,315086,,S,,
702,3,0,female,21.0,0,0,364846,,Q,,
703,3,0,male,21.0,0,0,364858,,Q,,
704,3,0,male,21.0,0,0,A./5. 2152,,S,,
705,3,0,male,0.0,1,0,2689,,C,,
706,3,0,female,0.0,1,0,2689,,C,,
707,3,0,male,28.0,0,0,350042,,S,,
708,3,0,male,24.0,0,0,350409,,S,,
709,3,1,female,16.0,0,0,367231,,Q,16,
710,3,0,female,37.0,0,0,368364,,Q,,
711,3,0,male,28.0,0,0,392095,,S,,
712,3,0,male,24.0,0,0,343275,,S,,
713,3,0,male,21.0,0,0,A/5. 13032,,Q,,
714,3,1,male,32.0,0,0,1601,,S,C,
715,3,0,male,29.0,0,0,343276,,S,,
716,3,0,male,26.0,1,0,2680,,C,,
717,3,0,male,18.0,1,0,2680,,C,,
718,3,0,male,20.0,0,0,SOTON/O.Q. 3101307,,S,,
719,3,1,male,18.0,0,0,A/5 3540,,S,12,
720,3,0,male,24.0,0,0,371109,,Q,,
721,3,0,male,36.0,0,0,349210,,S,,
722,3,0,male,24.0,0,0,349209,,S,,
723,3,0,male,31.0,0,0,21332,,Q,,
724,3,0,male,31.0,0,0,335097,,Q,,
725,3,1,female,22.0,0,0,370373,,Q,13,
726,3,0,female,30.0,0,0,330972,,Q,,
727,3,0,male,70.5,0,0,370369,,Q,,171.0
728,3,0,male,43.0,0,0,A/5 3536,,S,,
729,3,0,male,35.0,0,0,349230,,S,,
730,3,0,male,27.0,0,0,349229,,S,,
731,3,0,male,19.0,0,0,349231,,S,,
732,3,0,male,30.0,0,0,SOTON/OQ 392090,,S,,
733,3,1,male,9.0,1,1,C.A. 37671,,S,2,
734,3,1,male,3.0,1,1,C.A. 37671,,S,2,
735,3,1,female,36.0,0,2,C.A. 37671,,S,2,
736,3,0,male,59.0,0,0,364500,,S,,
737,3,0,male,19.0,0,0,S.P. 3464,,S,,
738,3,1,female,17.0,0,1,371362,,S,12,
739,3,0,male,44.0,0,1,371362,,S,,
740,3,0,male,17.0,0,0,315090,,S,,
741,3,0,male,22.5,0,0,2698,,C,,9.0
742,3,1,male,45.0,0,0,7598,,S,15,
743,3,0,female,22.0,0,0,7552,,S,,
744,3,0,male,19.0,0,0,349228,,S,,
745,3,1,female,30.0,0,0,382650,,Q,15,
746,3,1,male,29.0,0,0,382651,,Q,13 15 B,
747,3,0,male,0.3333,0,2,347080,,S,,
748,3,0,male,34.0,1,1,347080,,S,,197.0
749,3,0,female,28.0,1,1,347080,,S,,
750,3,0,male,27.0,0,0,349219,,S,,
751,3,0,male,25.0,0,0,349203,,S,,
752,3,0,male,24.0,2,0,A/4 48871,,S,,
753,3,0,male,22.0,0,0,SC/A4 23568,,S,,
754,3,0,male,21.0,2,0,A/4 48871,,S,,
755,3,0,male,17.0,2,0,A/4 48873,,S,,
756,3,0,male,0.0,1,0,386525,,S,,
757,3,1,female,0.0,1,0,386525,,S,16,
758,3,1,male,36.5,1,0,345572,,S,15,
759,3,1,female,36.0,1,0,345572,,S,13,
760,3,1,male,30.0,0,0,345774,,S,11,
761,3,0,male,16.0,0,0,345778,,S,,
762,3,1,male,1.0,1,2,C.A. 2315,,S,10,
763,3,1,female,0.1667,1,2,C.A. 2315,,S,10,
764,3,0,male,26.0,1,2,C.A. 2315,,S,,
765,3,1,female,33.0,1,2,C.A. 2315,,S,10,
766,3,0,male,25.0,0,0,349250,,S,,
767,3,0,male,0.0,0,0,349238,,S,,
768,3,0,male,0.0,0,0,349225,,S,,
769,3,0,male,22.0,0,0,A/5 21172,,S,,
770,3,0,male,36.0,0,0,A/5 21175,,S,,
771,3,1,female,19.0,0,0,330958,,Q,C,
772,3,0,male,17.0,0,0,349232,,S,,
773,3,0,male,42.0,0,0,315088,,S,,
774,3,0,male,43.0,0,0,349226,,S,,
775,3,0,male,0.0,0,0,2686,,C,,
776,3,0,male,32.0,0,0,370376,,Q,,
777,3,1,male,19.0,0,0,A/5. 10482,,S,B,
778,3,1,female,30.0,0,0,364516,,S,13,
779,3,0,female,24.0,0,0,368702,,Q,,
780,3,1,female,23.0,0,0,SOTON/OQ 392083,,S,,
781,3,0,male,33.0,0,0,349241,,C,,51.0
782,3,0,male,65.0,0,0,336439,,Q,,
783,3,1,male,24.0,0,0,S.O./P.P. 752,,S,D,
784,3,0,male,23.0,1,0,347072,,S,,
785,3,1,female,22.0,1,0,347072,,S,16,
786,3,0,male,18.0,0,0,349912,,S,,
787,3,0,male,16.0,0,0,347074,,S,,
788,3,0,male,45.0,0,0,347061,,S,,
789,3,0,male,0.0,0,0,2674,,C,,
790,3,0,male,39.0,0,2,2675,,C,,
791,3,0,male,17.0,1,1,2690,,C,,
792,3,0,male,15.0,1,1,2695,,C,,
793,3,0,male,47.0,0,0,A/5 3902,,S,,
794,3,1,female,5.0,0,0,364516,,S,13,
795,3,0,male,0.0,0,0,2631,,C,,
796,3,0,male,40.5,0,0,C.A. 6212,,S,,187.0
797,3,0,male,40.5,0,0,367232,,Q,,68.0
798,3,1,male,0.0,0,0,SOTON/O.Q. 3101308,,S,15,
799,3,0,male,18.0,0,0,350036,,S,,
800,3,0,female,0.0,0,0,364859,,Q,,
801,3,0,male,0.0,0,0,364851,,Q,,
802,3,0,male,0.0,0,0,368323,,Q,,
803,3,0,male,26.0,0,0,330910,,Q,,
804,3,0,male,0.0,0,0,365235,,Q,,
805,3,1,male,0.0,0,0,1601,,S,13,
806,3,0,female,21.0,2,2,W./C. 6608,,S,,
807,3,0,female,9.0,2,2,W./C. 6608,,S,,
808,3,0,male,0.0,0,0,A/5 1478,,S,,
809,3,0,male,18.0,2,2,W./C. 6608,,S,,
810,3,0,male,16.0,1,3,W./C. 6608,,S,,
811,3,0,female,48.0,1,3,W./C. 6608,,S,,
812,3,0,male,0.0,0,0,368573,,Q,,
813,3,0,male,0.0,0,0,SOTON/O.Q. 3101314,,S,,
814,3,0,male,25.0,0,0,36864,,Q,,
815,3,0,male,0.0,0,0,358585,,S,,
816,3,0,male,0.0,0,0,349254,,C,,
817,3,0,male,22.0,0,0,14973,,S,,47.0
818,3,1,female,16.0,0,0,35851,,Q,16,
819,3,1,female,0.0,0,0,335677,,Q,13,
820,3,1,male,9.0,0,2,363291,,S,C D,
821,3,0,male,33.0,1,1,363291,,S,,
822,3,0,male,41.0,0,0,SOTON/O.Q. 3101263,,S,,
823,3,1,female,31.0,1,1,363291,,S,C D,
824,3,0,male,38.0,0,0,SOTON/O.Q. 3101306,,S,,
825,3,0,male,9.0,5,2,CA 2144,,S,,
826,3,0,male,1.0,5,2,CA 2144,,S,,
827,3,0,male,11.0,5,2,CA 2144,,S,,
828,3,0,female,10.0,5,2,CA 2144,,S,,
829,3,0,female,16.0,5,2,CA 2144,,S,,
830,3,0,male,14.0,5,2,CA 2144,,S,,
831,3,0,male,40.0,1,6,CA 2144,,S,,
832,3,0,female,43.0,1,6,CA 2144,,S,,
833,3,0,male,51.0,0,0,21440,,S,,
834,3,0,male,32.0,0,0,8471,,S,,
835,3,0,male,0.0,0,0,376563,,S,,
836,3,0,male,20.0,0,0,7534,,S,,
837,3,0,male,37.0,2,0,3101276,,S,,98.0
838,3,0,male,28.0,2,0,3101277,,S,,
839,3,0,male,19.0,0,0,347069,,S,,
840,3,0,female,24.0,0,0,349236,,S,,
841,3,0,female,17.0,0,0,AQ/3. 30631,,Q,,
842,3,0,male,0.0,1,0,65303,,S,,
843,3,0,male,0.0,1,0,65304,,S,,
844,3,0,male,28.0,1,0,STON/O2. 3101279,,S,,
845,3,1,female,24.0,1,0,STON/O2. 3101279,,S,15,
846,3,0,male,20.0,0,0,345769,,S,,
847,3,0,male,23.5,0,0,2693,,C,,188.0
848,3,0,male,41.0,2,0,350026,,S,,
849,3,0,male,26.0,1,0,350025,,S,,
850,3,0,male,21.0,0,0,350029,,S,,69.0
851,3,1,female,45.0,1,0,350026,,S,11,
852,3,0,female,0.0,0,0,W./C. 6609,,S,,
853,3,0,male,25.0,0,0,374887,,S,B,
854,3,0,male,0.0,0,0,394140,,Q,,
855,3,0,male,11.0,0,0,2699,,C,,
856,3,1,female,0.0,0,0,370375,,Q,16,
857,3,1,male,27.0,0,0,347089,,S,15,
858,3,1,male,0.0,0,0,1601,,S,C,
859,3,0,female,18.0,0,0,365226,,Q,,
860,3,1,female,26.0,0,0,STON/O2. 3101282,,S,,
861,3,0,female,23.0,0,0,STON/O2. 3101290,,S,,
862,3,1,female,22.0,0,0,7548,,S,C,
863,3,0,male,28.0,0,0,349243,,S,,306.0
864,3,0,female,28.0,0,0,347086,,S,,
865,3,0,female,0.0,0,0,382649,,Q,,
866,3,1,female,2.0,0,1,3101298,,S,15,
867,3,1,female,22.0,1,1,3101298,,S,15,
868,3,0,male,43.0,0,0,C 7075,,S,,
869,3,0,male,28.0,0,0,C 4001,,S,,
870,3,1,female,27.0,0,0,STON/O2. 3101283,,S,,
871,3,0,male,0.0,0,0,370377,,Q,,
872,3,1,female,0.0,0,0,A. 2. 39186,,S,C,
873,3,0,male,42.0,0,0,348121,F G63,S,,120.0
874,3,1,male,0.0,0,0,3470,,S,C,
875,3,0,male,30.0,0,0,2685,,C,,
876,3,0,male,0.0,0,0,349220,,S,,
877,3,0,female,27.0,1,0,STON/O2. 3101270,,S,,
878,3,0,female,25.0,1,0,STON/O2. 3101271,,S,,
879,3,0,male,0.0,0,0,349201,,S,,
880,3,1,male,29.0,0,0,349240,,C,15,
881,3,1,male,21.0,0,0,350034,,S,A,
882,3,0,male,0.0,0,0,SOTON/O.Q. 3101305,,S,,
883,3,0,male,20.0,0,0,350050,,S,,
884,3,0,male,48.0,0,0,350047,,S,,
885,3,0,male,17.0,1,0,350048,,S,,
886,3,1,female,0.0,0,0,14313,,Q,D,
887,3,1,male,0.0,0,0,65306,,S,13,
888,3,0,male,34.0,0,0,3101264,,S,,143.0
889,3,1,male,26.0,0,0,347070,,S,15,
890,3,0,male,22.0,0,0,350052,,S,,156.0
891,3,0,male,33.0,0,0,7540,,S,,285.0
892,3,0,male,31.0,0,0,347063,,S,,
893,3,0,male,29.0,0,0,347467,,S,,
894,3,1,male,4.0,1,1,347742,,S,15,
895,3,1,female,1.0,1,1,347742,,S,15,
896,3,0,male,49.0,0,0,LINE,,S,,
897,3,0,male,33.0,0,0,347062,,S,,37.0
898,3,0,male,19.0,0,0,LINE,,S,,
899,3,1,female,27.0,0,2,347742,,S,15,
900,3,0,male,0.0,1,2,W./C. 6607,,S,,
901,3,0,female,0.0,1,2,W./C. 6607,,S,,
902,3,0,male,0.0,1,2,W./C. 6607,,S,,
903,3,0,female,0.0,1,2,W./C. 6607,,S,,
904,3,0,male,23.0,0,0,349204,,S,,
905,3,1,male,32.0,0,0,350417,,S,15,
906,3,0,male,27.0,0,0,350408,,S,,
907,3,0,female,20.0,1,0,4136,,S,,
908,3,0,female,21.0,1,0,4137,,S,,
909,3,1,male,32.0,0,0,STON/O 2. 3101286,,S,15,
910,3,0,male,17.0,0,0,STON/O 2. 3101274,,S,,
911,3,0,male,21.0,0,0,8475,,S,,
912,3,0,male,30.0,0,0,349246,,S,,
913,3,1,male,21.0,0,0,350053,,S,13,
914,3,0,male,33.0,0,0,347465,,S,,
915,3,0,male,22.0,0,0,350060,,S,,
916,3,1,female,4.0,0,1,349256,,C,15,
917,3,1,male,39.0,0,1,349256,,C,15,
918,3,0,male,0.0,0,0,2700,,C,,
919,3,0,male,18.5,0,0,2682,,C,,58.0
920,3,0,male,0.0,0,0,12460,,Q,,
921,3,0,male,0.0,0,0,323592,,S,A,
922,3,1,female,0.0,0,0,9234,,Q,16,
923,3,1,female,0.0,0,0,14312,,Q,D,
924,3,0,male,34.5,0,0,330911,,Q,,70.0
925,3,0,male,44.0,0,0,363592,,S,,
926,3,1,male,0.0,0,0,368783,,Q,,
927,3,0,male,0.0,1,0,2660,,C,,
928,3,0,female,0.0,1,0,2660,,C,,
929,3,0,male,0.0,1,0,367227,,Q,,
930,3,0,male,0.0,1,0,367229,,Q,,
931,3,0,male,0.0,0,0,36865,,Q,,
932,3,0,female,22.0,2,0,315152,,S,,
933,3,0,male,26.0,2,0,315151,,S,,
934,3,1,female,4.0,0,2,315153,,S,2,
935,3,1,male,29.0,3,1,315153,,S,2,
936,3,1,female,26.0,1,1,315153,,S,2,
937,3,0,female,1.0,1,1,350405,,S,,
938,3,0,male,18.0,1,1,350404,,S,,
939,3,0,female,36.0,0,2,350405,,S,,
940,3,0,male,0.0,0,0,349253,,C,,
941,3,1,male,25.0,0,0,2654,F E57,C,10,
942,3,0,male,0.0,0,0,2624,,C,,
943,3,0,female,37.0,0,0,4135,,S,,
944,3,0,male,0.0,0,0,349217,,S,,
945,3,1,male,0.0,0,0,1601,,S,C,
946,3,0,male,0.0,0,0,1601,,S,,
947,3,1,female,22.0,0,0,C 7077,,S,13,
948,3,0,male,0.0,0,0,7935,,Q,,
949,3,1,male,26.0,0,0,1601,,S,14,
950,3,0,male,29.0,0,0,7545,,S,,
951,3,0,male,29.0,0,0,347067,,S,,
952,3,0,male,22.0,0,0,347065,,S,,
953,3,1,male,22.0,0,0,2620,,C,6,
954,3,0,male,0.0,3,1,4133,,S,,
955,3,0,female,0.0,3,1,4133,,S,,
956,3,0,female,0.0,3,1,4133,,S,,
957,3,0,female,0.0,3,1,4133,,S,,
958,3,0,female,0.0,0,4,4133,,S,,
959,3,0,male,32.0,0,0,STON/O 2. 3101292,,S,,
960,3,0,male,34.5,0,0,2683,,C,,196.0
961,3,0,female,0.0,1,0,370371,,Q,,
962,3,0,male,0.0,1,0,370371,,Q,,
963,3,0,male,36.0,0,0,LINE,,S,,
964,3,0,male,39.0,0,0,A/4 48871,,S,,
965,3,0,male,24.0,0,0,345781,,S,,
966,3,0,female,25.0,0,0,347071,,S,,
967,3,0,female,45.0,0,0,347073,,S,,
968,3,0,male,36.0,1,0,349910,,S,A,
969,3,0,female,30.0,1,0,349910,,S,A,
970,3,1,male,20.0,1,0,STON/O 2. 3101285,,S,15,
971,3,0,male,0.0,0,0,330971,,Q,,
972,3,0,male,28.0,0,0,1601,,S,,
973,3,0,male,0.0,0,0,S.O./P.P. 251,,S,,
974,3,0,male,30.0,1,0,A/5. 3336,,S,,
975,3,0,female,26.0,1,0,A/5. 3336,,S,,
976,3,0,male,0.0,0,0,1222,,S,,153.0
977,3,0,male,20.5,0,0,A/5 21173,,S,,
978,3,1,male,27.0,0,0,315098,,S,15,
979,3,0,male,51.0,0,0,347743,,S,,
980,3,1,female,23.0,0,0,347469,,S,10,
981,3,1,male,32.0,0,0,350403,,S,15,
982,3,0,male,0.0,0,0,349235,,S,,
983,3,0,male,0.0,0,0,C.A. 42795,,S,,
984,3,1,female,0.0,0,0,370370,,Q,15,
985,3,1,male,24.0,0,0,C 17369,,S,13,
986,3,0,male,22.0,0,0,STON/O 2. 3101275,,S,,
987,3,0,female,0.0,0,0,330924,,Q,,
988,3,0,male,0.0,0,0,AQ/4 3130,,Q,,
989,3,0,male,0.0,0,0,A/S 2816,,S,,
990,3,0,male,29.0,0,0,STON/O 2. 3101268,,S,,
991,3,1,male,0.0,0,0,2677,,C,15,
992,3,0,female,30.5,0,0,364850,,Q,,61.0
993,3,1,female,0.0,0,0,36866,,Q,16,
994,3,0,male,0.0,0,0,2655,F E46,C,,
995,3,0,male,35.0,0,0,349213,,C,,
996,3,0,male,33.0,0,0,349257,,S,,
997,3,1,female,0.0,0,0,2649,,C,C,
998,3,0,male,0.0,0,0,349255,,C,,
999,3,1,female,0.0,0,0,383123,,Q,15 16,
1000,3,1,male,0.0,0,0,367228,,Q,,
1001,3,1,female,0.0,2,0,367226,,Q,16,
1002,3,1,female,0.0,2,0,367226,,Q,16,
1003,3,1,male,0.0,2,0,367226,,Q,16,
1004,3,1,female,0.0,0,0,330932,,Q,13,
1005,3,0,male,0.0,0,0,36568,,Q,,
1006,3,1,female,0.0,0,0,330931,,Q,13,
1007,3,1,female,15.0,0,0,330923,,Q,,
1008,3,0,female,35.0,0,0,9232,,Q,,
1009,3,0,male,0.0,0,0,370372,,Q,,
1010,3,0,male,24.0,1,0,376566,,S,,
1011,3,0,female,19.0,1,0,376566,,S,,53.0
1012,3,0,female,0.0,0,0,370368,,Q,,
1013,3,0,female,0.0,0,0,SOTON/O.Q. 392087,,S,,
1014,3,0,female,0.0,0,0,343095,,S,,
1015,3,0,male,55.5,0,0,A.5. 11206,,S,,201.0
1016,3,0,male,0.0,0,0,368703,,Q,,
1017,3,1,male,21.0,0,0,345501,,S,15,
1018,3,0,male,0.0,0,0,359306,,S,,
1019,3,0,male,24.0,0,0,349233,,S,,
1020,3,0,male,21.0,0,0,349211,,S,,
1021,3,0,male,28.0,0,0,349207,,S,,
1022,3,0,male,0.0,0,0,349221,,S,,
1023,3,1,female,0.0,0,0,330980,,Q,16,
1024,3,0,male,25.0,0,0,348123,F G73,S,,309.0
1025,3,1,male,6.0,0,1,392096,E121,S,14,
1026,3,1,female,27.0,0,1,392096,E121,S,14,
1027,3,0,male,0.0,0,0,A4. 54510,,S,,
1028,3,1,female,0.0,1,0,371110,,Q,16,
1029,3,0,male,0.0,1,0,371110,,Q,,
1030,3,0,male,0.0,0,0,330877,,Q,,
1031,3,0,male,34.0,0,0,364506,,S,,
1032,3,0,male,0.0,0,0,372622,,Q,,
1033,3,1,male,0.0,0,0,312991,,S,B,
1034,3,1,male,0.0,1,1,2661,,C,C,
1035,3,1,male,0.0,1,1,2661,,C,C,
1036,3,1,female,0.0,0,2,2661,,C,C,
1037,3,1,female,0.0,0,0,2626,,C,,
1038,3,0,male,0.0,0,0,374746,,S,,
1039,3,1,female,0.0,0,0,35852,,Q,16,
1040,3,1,female,24.0,0,0,382653,,Q,15,
1041,3,0,male,0.0,0,0,A./5. 3235,,S,,
1042,3,1,female,0.0,1,0,367230,,Q,16,
1043,3,1,female,0.0,1,0,367230,,Q,16,
1044,3,1,female,0.0,0,0,36568,,Q,16,
1045,3,0,male,18.0,0,0,347078,,S,,
1046,3,0,male,22.0,0,0,349206,,S,,
1047,3,1,female,15.0,0,0,2667,,C,C,
1048,3,1,female,1.0,0,2,2653,,C,C,
1049,3,1,male,20.0,1,1,2653,,C,C,
1050,3,1,female,19.0,1,1,2653,,C,C,
1051,3,0,male,33.0,0,0,A./5. 3338,,S,,
1052,3,0,male,0.0,0,0,349218,,S,,
1053,3,0,male,0.0,0,0,2652,,C,,
1054,3,0,female,0.0,0,0,365237,,Q,,
1055,3,0,male,0.0,0,0,349234,,S,,
1056,3,1,male,12.0,1,0,2651,,C,C,
1057,3,1,female,14.0,1,0,2651,,C,C,
1058,3,0,female,29.0,0,0,3101297,,S,,
1059,3,0,male,28.0,0,0,363611,,S,,
1060,3,1,female,18.0,0,0,347066,,S,D,
1061,3,1,female,26.0,0,0,347470,,S,13,
1062,3,0,male,21.0,0,0,350410,,S,,
1063,3,0,male,41.0,0,0,SOTON/O2 3101272,,S,,
1064,3,1,male,39.0,0,0,STON/O 2. 3101289,,S,9,
1065,3,0,male,21.0,0,0,A/4. 39886,,S,,
1066,3,0,male,28.5,0,0,2697,,C,,181.0
1067,3,1,female,22.0,0,0,347081,,S,13,
1068,3,0,male,61.0,0,0,345364,,S,,
1069,3,0,male,0.0,1,0,370365,,Q,,
1070,3,0,male,0.0,0,0,330979,,Q,,
1071,3,1,female,0.0,1,0,370365,,Q,,
1072,3,0,male,0.0,0,0,334912,,Q,,
1073,3,0,male,0.0,0,0,371060,,Q,,
1074,3,0,male,0.0,0,0,366713,,Q,,
1075,3,0,male,23.0,0,0,7267,,S,,
1076,3,0,female,0.0,0,0,364856,,Q,,
1077,3,1,female,0.0,0,0,14311,,Q,D,
1078,3,1,female,0.0,0,0,330959,,Q,,
1079,3,1,female,22.0,0,0,347085,,S,C,
1080,3,1,male,0.0,0,0,368402,,Q,B,
1081,3,1,female,0.0,0,0,330919,,Q,13,
1082,3,1,male,9.0,0,1,C 17368,,S,13,
1083,3,0,male,28.0,0,0,C 4001,,S,,173.0
1084,3,0,male,42.0,0,1,4579,,S,,
1085,3,0,male,0.0,0,0,Fa 265302,,S,,
1086,3,0,female,31.0,0,0,350407,,S,,
1087,3,0,male,28.0,0,0,347464,,S,,
1088,3,1,male,32.0,0,0,347079,,S,A,
1089,3,0,male,20.0,0,0,6563,,S,,89.0
1090,3,0,female,23.0,0,0,315085,,S,,
1091,3,0,female,20.0,0,0,315096,,S,,
1092,3,0,male,20.0,0,0,315094,,S,,
1093,3,0,male,16.0,0,0,7534,,S,,
1094,3,1,female,31.0,0,0,349244,,S,,
1095,3,0,female,0.0,0,0,330909,,Q,,
1096,3,0,male,2.0,3,1,349909,,S,,4.0
1097,3,0,male,6.0,3,1,349909,,S,,
1098,3,0,female,3.0,3,1,349909,,S,,
1099,3,0,female,8.0,3,1,349909,,S,,
1100,3,0,female,29.0,0,4,349909,,S,,206.0
1101,3,0,male,1.0,4,1,3101295,,S,,
1102,3,0,male,7.0,4,1,3101295,,S,,
1103,3,0,male,2.0,4,1,3101295,,S,,
1104,3,0,male,16.0,4,1,3101295,,S,,
1105,3,0,male,14.0,4,1,3101295,,S,,
1106,3,0,female,41.0,0,5,3101295,,S,,
1107,3,0,male,21.0,0,0,315097,,S,,
1108,3,0,male,19.0,0,0,358585,,S,,
1109,3,0,male,0.0,0,0,3411,,C,,
1110,3,0,male,32.0,0,0,349242,,S,,
1111,3,0,male,0.75,1,1,SOTON/O.Q. 3101315,,S,,
1112,3,0,female,3.0,1,1,SOTON/O.Q. 3101315,,S,,
1113,3,0,female,26.0,0,2,SOTON/O.Q. 3101315,,S,,
1114,3,0,male,0.0,0,0,343271,,S,,
1115,3,0,male,0.0,0,0,345498,,S,,
1116,3,0,male,0.0,0,0,A/5 2817,,S,,
1117,3,0,male,21.0,0,0,STON/O 2. 3101294,,S,,
1118,3,0,male,25.0,0,0,STON/O 2. 3101291,,S,,
1119,3,0,male,22.0,0,0,A/5 21174,,S,,
1120,3,1,male,25.0,1,0,347083,,S,15,
1121,3,1,male,0.0,1,1,2668,,C,C,
1122,3,1,female,0.0,1,1,2668,F E69,C,D,
1123,3,1,female,0.0,0,2,2668,,C,D,
1124,3,0,female,0.0,0,0,330935,,Q,,
1125,3,0,male,24.0,0,0,342441,,S,,
1126,3,0,female,28.0,0,0,349245,,S,,
1127,3,0,male,19.0,0,0,349212,,S,,
1128,3,0,male,0.0,0,0,349215,,S,,
1129,3,0,male,25.0,1,0,347076,,S,,
1130,3,0,female,18.0,0,0,347087,,S,,
1131,3,1,male,32.0,0,0,SOTON/O.Q. 392078,E10,S,9,
1132,3,0,male,0.0,0,0,349227,,S,,
1133,3,0,male,17.0,0,0,315095,,S,,
1134,3,0,male,24.0,0,0,315092,,S,,
1135,3,0,male,0.0,0,0,349223,,S,,
1136,3,0,female,0.0,0,0,65305,,S,,
1137,3,0,male,0.0,0,0,2629,,C,,
1138,3,0,male,0.0,0,0,362316,,S,,
1139,3,0,male,38.0,0,0,349249,,S,,
1140,3,0,male,21.0,0,0,342684,,S,,
1141,3,0,male,10.0,4,1,382652,,Q,,
1142,3,0,male,4.0,4,1,382652,,Q,,
1143,3,0,male,7.0,4,1,382652,,Q,,
1144,3,0,male,2.0,4,1,382652,,Q,,
1145,3,0,male,8.0,4,1,382652,,Q,,
1146,3,0,female,39.0,0,5,382652,,Q,,327.0
1147,3,0,female,22.0,0,0,3101295,,S,,
1148,3,0,male,35.0,0,0,STON/O 2. 3101273,,S,,
1149,3,1,female,0.0,0,0,334915,,Q,13,
1150,3,0,male,0.0,0,0,364498,,S,,
1151,3,0,female,0.0,0,0,364498,,S,,
1152,3,0,male,50.0,1,0,A/5. 3337,,S,,119.0
1153,3,0,female,47.0,1,0,A/5. 3337,,S,,7.0
1154,3,0,male,0.0,0,0,S.C./A.4. 23567,,S,,
1155,3,0,male,0.0,0,0,312993,,S,,
1156,3,0,female,2.0,1,1,370129,,S,,
1157,3,0,male,18.0,1,1,370129,,S,,
1158,3,0,female,41.0,0,2,370129,,S,,
1159,3,1,female,0.0,0,0,342712,,S,C,
1160,3,0,male,50.0,0,0,A/5 3594,,S,,
1161,3,0,male,16.0,0,0,A/4. 20589,,S,,
1162,3,1,male,0.0,0,0,383162,,Q,14,
1163,3,0,male,0.0,0,0,371110,,Q,,
1164,3,0,male,0.0,0,0,2671,,C,,
1165,3,0,male,25.0,0,0,2672,,C,,
1166,3,0,male,0.0,0,0,2676,,C,,
1167,3,0,male,0.0,0,0,367655,,Q,,
1168,3,0,male,0.0,0,0,LP 1588,,S,,
1169,3,0,male,38.5,0,0,SOTON/O.Q. 3101262,,S,,32.0
1170,3,0,male,0.0,8,2,CA. 2343,,S,,
1171,3,0,male,14.5,8,2,CA. 2343,,S,,67.0
1172,3,0,female,0.0,8,2,CA. 2343,,S,,
1173,3,0,female,0.0,8,2,CA. 2343,,S,,
1174,3,0,female,0.0,8,2,CA. 2343,,S,,
1175,3,0,female,0.0,8,2,CA. 2343,,S,,
1176,3,0,male,0.0,8,2,CA. 2343,,S,,
1177,3,0,male,0.0,8,2,CA. 2343,,S,,
1178,3,0,male,0.0,8,2,CA. 2343,,S,,
1179,3,0,male,0.0,1,9,CA. 2343,,S,,
1180,3,0,female,0.0,1,9,CA. 2343,,S,,
1181,3,0,male,24.0,0,0,7266,,S,,
1182,3,1,female,21.0,0,0,343120,,S,C,
1183,3,0,male,39.0,0,0,3101296,,S,,
1184,3,0,male,0.0,2,0,2662,,C,,
1185,3,0,male,0.0,2,0,2662,,C,,
1186,3,0,male,0.0,2,0,2662,,C,,
1187,3,1,female,1.0,1,1,PP 9549,G6,S,13,
1188,3,1,female,24.0,0,2,PP 9549,G6,S,13,
1189,3,1,female,4.0,1,1,PP 9549,G6,S,13,
1190,3,1,male,25.0,0,0,345768,,S,11,
1191,3,0,male,20.0,0,0,A/5. 2151,,S,,
1192,3,0,male,24.5,0,0,342826,,S,,284.0
1193,3,0,male,0.0,0,0,36209,,Q,,
1194,3,0,male,0.0,0,0,349222,,S,,
1195,3,0,male,0.0,0,0,370374,,Q,,
1196,3,1,male,29.0,0,0,345779,,S,11,
1197,3,0,male,0.0,0,0,C.A. 6212,,S,,
1198,3,1,female,0.0,0,0,330968,,Q,,
1199,3,0,male,0.0,0,0,374910,,S,,
1200,3,0,male,0.0,0,0,SOTON/OQ 392082,,S,,
1201,3,0,male,22.0,0,0,2669,,C,,
1202,3,0,male,0.0,0,0,392092,,S,,
1203,3,0,male,40.0,0,0,349251,,S,,
1204,3,0,male,21.0,0,0,STON/O 2. 3101280,,S,,
1205,3,1,female,18.0,0,0,3101265,,S,16,
1206,3,0,male,4.0,3,2,347088,,S,,
1207,3,0,male,10.0,3,2,347088,,S,,
1208,3,0,female,9.0,3,2,347088,,S,,
1209,3,0,female,2.0,3,2,347088,,S,,
1210,3,0,male,40.0,1,4,347088,,S,,
1211,3,0,female,45.0,1,4,347088,,S,,
1212,3,0,male,0.0,0,0,349214,,S,,
1213,3,0,male,0.0,0,0,SOTON/OQ 392086,,S,,
1214,3,0,male,0.0,0,0,315037,,S,,
1215,3,0,male,0.0,0,0,384461,,Q,,
1216,3,1,female,0.0,0,0,335432,,Q,13,
1217,3,0,male,19.0,0,0,348124,F G73,S,,
1218,3,0,male,30.0,0,0,A.5. 18509,,S,,
1219,3,0,male,0.0,0,0,A.5. 3236,,S,,
1220,3,0,male,32.0,0,0,STON/OQ. 369943,,S,,
1221,3,0,male,0.0,0,0,349208,,S,,
1222,3,0,male,33.0,0,0,349239,,C,,
1223,3,1,female,23.0,0,0,CA. 2314,,S,C,
1224,3,0,male,21.0,0,0,A/4 45380,,S,,
1225,3,0,male,60.5,0,0,3701,,S,,261.0
1226,3,0,male,19.0,0,0,349205,,S,,
1227,3,0,female,22.0,0,0,7553,,S,,
1228,3,1,male,31.0,0,0,STON/O 2. 3101288,,S,9,
1229,3,0,male,27.0,0,0,315083,,S,,
1230,3,0,female,2.0,0,1,347054,G6,S,,
1231,3,0,female,29.0,1,1,347054,G6,S,,
1232,3,1,male,16.0,0,0,SOTON/OQ 392089,,S,B,
1233,3,1,male,44.0,0,0,STON/O 2. 3101269,,S,15,
1234,3,0,male,25.0,0,0,SOTON/OQ 392076,,S,,
1235,3,0,male,74.0,0,0,347060,,S,,
1236,3,1,male,14.0,0,0,7538,,S,13,
1237,3,0,male,24.0,0,0,350035,,S,,
1238,3,1,male,25.0,0,0,350033,,S,13 15,
1239,3,0,male,34.0,0,0,363294,,S,,176.0
1240,3,1,male,0.4167,0,1,2625,,C,16,
1241,3,0,male,0.0,1,0,2621,,C,,
1242,3,0,male,0.0,0,0,2681,,C,,
1243,3,0,male,0.0,0,0,2684,,C,,
1244,3,1,female,16.0,1,1,2625,,C,14,
1245,3,0,male,0.0,0,0,32302,,S,,
1246,3,0,male,0.0,1,0,376564,,S,,
1247,3,1,female,0.0,1,0,376564,,S,10,
1248,3,0,male,32.0,0,0,STON/O 2. 3101293,,S,,
1249,3,0,male,0.0,0,0,383121,F38,Q,,
1250,3,0,male,0.0,0,0,349216,,S,,
1251,3,0,male,30.5,0,0,364499,,S,,50.0
1252,3,0,male,44.0,0,0,364511,,S,,
1253,3,0,male,0.0,0,0,2673,,C,,
1254,3,1,male,25.0,0,0,LINE,,S,15,
1255,3,0,male,0.0,0,0,2641,,C,,
1256,3,1,male,7.0,1,1,2650,,C,C,
1257,3,1,female,9.0,1,1,2650,,C,C,
1258,3,1,female,29.0,0,2,2650,,C,C,
1259,3,0,male,36.0,0,0,349247,,S,,
1260,3,1,female,18.0,0,0,4138,,S,15,
1261,3,1,female,63.0,0,0,4134,,S,15,
1262,3,0,male,0.0,1,1,A/5. 851,,S,,
1263,3,0,male,11.5,1,1,A/5. 851,,S,,1.0
1264,3,0,male,40.5,0,2,A/5. 851,,S,,255.0
1265,3,0,female,10.0,0,2,345773,,S,,
1266,3,0,male,36.0,1,1,345773,,S,,
1267,3,0,female,30.0,1,1,345773,,S,,
1268,3,0,male,0.0,0,0,345777,,S,,
1269,3,0,male,33.0,0,0,345780,,S,,
1270,3,0,male,28.0,0,0,345770,,S,,
1271,3,0,male,28.0,0,0,345783,,S,,
1272,3,0,male,47.0,0,0,345765,,S,,
1273,3,0,female,18.0,2,0,345764,,S,,
1274,3,0,male,31.0,3,0,345763,,S,,
1275,3,0,male,16.0,2,0,345764,,S,,
1276,3,0,female,31.0,1,0,345763,,S,,
1277,3,1,male,22.0,0,0,2658,,C,13 15,
1278,3,0,male,20.0,0,0,350416,,S,,
1279,3,0,female,14.0,0,0,350406,,S,,
1280,3,0,male,22.0,0,0,349252,,S,,
1281,3,0,male,22.0,0,0,345767,,S,,
1282,3,0,male,0.0,0,0,359309,,S,,
1283,3,0,male,0.0,0,0,C.A. 49867,,S,,
1284,3,0,male,0.0,0,0,SOTON/OQ 3101316,,S,,
1285,3,0,male,32.5,0,0,345775,,S,,298.0
1286,3,1,female,38.0,0,0,2688,,C,C,
1287,3,0,male,51.0,0,0,347064,,S,,
1288,3,0,male,18.0,1,0,3101267,,S,,314.0
1289,3,0,male,21.0,1,0,3101266,,S,,
1290,3,1,female,47.0,1,0,363272,,S,,
1291,3,0,male,0.0,0,0,3410,,S,,
1292,3,0,male,0.0,0,0,S.O./P.P. 751,,S,,
1293,3,0,male,0.0,0,0,A/5 2466,,S,,
1294,3,0,male,28.5,0,0,54636,,S,,14.0
1295,3,0,male,21.0,0,0,SOTON/OQ 3101317,,S,,
1296,3,0,male,27.0,0,0,315154,,S,,131.0
1297,3,0,male,0.0,0,0,A/4. 34244,,S,,
1298,3,0,male,36.0,0,0,345771,,S,,
1299,3,0,male,27.0,1,0,2659,,C,C,
1300,3,1,female,15.0,1,0,2659,,C,,
1301,3,0,male,45.5,0,0,2628,,C,,312.0
1302,3,0,male,0.0,0,0,2647,,C,,
1303,3,0,male,0.0,0,0,2627,,C,,
1304,3,0,female,14.5,1,0,2665,,C,,328.0
1305,3,0,female,0.0,1,0,2665,,C,,
1306,3,0,male,26.5,0,0,2656,,C,,304.0
1307,3,0,male,27.0,0,0,2670,,C,,
1308,3,0,male,29.0,0,0,315082,,S,,
